condition,mode,n_runs,interval_mean_ms,interval_std_ms,jitter_mean_ms,jitter_std_ms,hz_mean,hz_std
no_sidecar,baseline,5,206.38468583538446,0.9899353369422196,4.465405457933164,0.6723940709001113,4.845410263516844,0.023328332318146683
with_sidecar,startup,5,213.8379701324888,1.5988378667902012,10.244996192511957,1.3125492064352544,4.676647027149528,0.03494784977497277
with_sidecar,continuous,5,219.11783836381306,0.6612867768153347,11.425825053978443,0.9857744026636883,4.563787632711771,0.01374605736119315
