topic,condition,mode,n_runs,hz_mean,hz_std,hz_min,hz_max,hz_run1,hz_run2,hz_run3,hz_run4,hz_run5
odom,no_sidecar,baseline,5,27.776858899629566,0.09302315184362397,27.696824192123454,27.958514820207597,27.72783763155022,27.756708893688085,27.74440896057847,27.696824192123454,27.958514820207597
odom,with_sidecar,continuous,5,27.282499055086095,0.4319297067814432,26.585135726887923,27.660589082033567,27.660589082033567,27.60282189168763,27.59894542773584,26.965003147085515,26.585135726887923
scan,no_sidecar,baseline,5,4.772968131080133,0.012465297845565671,4.7521632233105775,4.785486488524651,4.767441316367017,4.7521632233105775,4.785416229653484,4.774333397544934,4.785486488524651
scan,with_sidecar,continuous,5,4.678746854255733,0.05703384321961073,4.580521603049909,4.73642164064985,4.580521603049909,4.71679290533972,4.73642164064985,4.649675164974834,4.710322957264352
