container,cpu_percent_mean,cpu_percent_std,mem_mb_mean,mem_mb_std,blk_read_mb_mean,blk_read_mb_std,blk_write_mb_mean,blk_write_mb_std,net_rx_mb_mean,net_rx_mb_std,net_tx_mb_mean,net_tx_mb_std
robot1-sidecar,10.929660508527416,0.1490964199553245,60.96527786323801,0.02375356500988968,0.0,0.0,1.5936451140888412,0.02370157697133395,0.4106910701068749,0.009060274863680398,0.5881512823014096,0.01597381938935077
robot2-sidecar,10.859868647252073,0.0941401941335745,60.95762799735562,0.00876696168711072,0.0,0.0,1.5855466035928467,0.044539421131244976,0.4056510161968173,0.007372194361598932,0.5798566046047261,0.011778689769935347
robot3-sidecar,10.837379271002222,0.18567495011684157,60.951304269500994,0.01922926684766853,0.0,0.0,1.59889394703657,0.030497950701417417,0.40910023419203745,0.0167689394623324,0.5839339038011169,0.022512055927227704
robot4-sidecar,10.776084615419956,0.19210123809169885,60.94775676138147,0.034967842085904186,0.0,0.0,1.6072511085319845,0.03887786147374131,0.4169354812072491,0.015236029359452109,0.5951498881177208,0.023571445904786843
secaas,6.565663508132967,0.08414517355979685,56.52035346769962,0.010958304062977086,0.0,0.0,1.7649971480601252,0.005576913847927452,0.378272236797432,0.004167095743001925,0.5114483656902991,0.004642788044894028
