container,cpu_percent_mean,cpu_percent_std,mem_mb_mean,mem_mb_std,blk_read_mb_mean,blk_read_mb_std,blk_write_mb_mean,blk_write_mb_std,net_rx_mb_mean,net_rx_mb_std,net_tx_mb_mean,net_tx_mb_std
robot1-sidecar,7.7467987324066785,0.9326033317690338,31.332450776291633,1.8612320590563376,0.0,0.0,4.695531152635719,3.9150440991602253,8.730253819652068,7.154190012720799,5.984015402395315,4.396085669702639
robot2-sidecar,7.797097096774194,0.9342865762410955,32.054097741935486,1.5586880643497678,0.0,0.0,4.6203954838709675,3.8367738106816205,8.783247709677418,7.2260861239600445,6.0729847956989245,4.5194416936688535
robot3-sidecar,7.65236480457416,0.9089124341686279,32.27960335381464,2.6293048179127854,0.0,0.0,4.692001930363543,3.9728670775492905,8.686498967741935,7.1612164857005896,5.879347361836491,4.385675783958866
robot4-sidecar,7.782548593092531,0.930329055997538,32.31942844144482,2.4741255636914707,0.0,0.0,4.674364848810566,3.969818277925612,8.761728649168854,7.195579340310868,6.004277185268509,4.454057860067587
secaas,10.793744813902395,2.6514994786919086,59.17136752109192,0.6860865298795044,0.0,0.0,7.4785048856801355,4.995379844735127,2.822170535728361,2.270893874774225,3.928301786453877,3.2124430298634774
