container,cpu_percent_mean,cpu_percent_std,mem_mb_mean,mem_mb_std,blk_read_mb_mean,blk_read_mb_std,blk_write_mb_mean,blk_write_mb_std,net_rx_mb_mean,net_rx_mb_std,net_tx_mb_mean,net_tx_mb_std
robot1-sidecar,6.58738952268555,0.3320402277507615,34.50145325203252,2.3461141883673404,0.0,0.0,0.8793031733543142,0.7426264256768036,1.7716918764752163,1.4143641911386389,1.532341102806189,1.1451560477364506
robot2-sidecar,6.428865806451613,0.32868330460413403,34.86227032258064,3.712749463631634,0.0,0.0,0.8227061935483871,0.7045015260859023,1.731669129032258,1.3765769143584905,1.4620842258064517,1.0819126538566177
robot3-sidecar,6.559588571428571,0.37231798426087526,33.410049523809526,0.5408383660933757,0.0,0.0,0.871032253968254,0.750811996283475,1.7565572063492065,1.3889574141845205,1.4928497777777778,1.0970136313445038
robot4-sidecar,6.363769841269841,0.30994847242010376,35.13369047619047,1.7151829010638449,0.0,0.0,0.8706547619047619,0.7200423457153967,1.7544722222222222,1.3908958744696813,1.4860039682539683,1.1006117049168611
secaas,7.718780487804878,0.9571811306305713,58.46195121951219,0.36114185361088613,0.0,0.0,2.54389837398374,1.3288491022605826,0.6052764227642277,0.4614245421557484,0.8127520325203252,0.6253985805279751
