container,cpu_percent_mean,cpu_percent_std,mem_mb_mean,mem_mb_std,blk_read_mb_mean,blk_read_mb_std,blk_write_mb_mean,blk_write_mb_std,net_rx_mb_mean,net_rx_mb_std,net_tx_mb_mean,net_tx_mb_std
robot1-sidecar,23.528315841587098,2.38835990748822,53.61119523907995,0.15467489648462612,0.0,0.0,0.7780927152218713,0.333500841664542,0.22663273351801805,0.0539414649000754,0.33707196121145566,0.09277974697576251
robot2-sidecar,23.3947140295397,2.2182019349030924,53.62036308396752,0.15692976812321685,9.836065573770491e-05,0.00031104370427885696,0.7830323736621054,0.34085269147643577,0.22935240003172286,0.053539118830718685,0.34041695955226725,0.09211111274563841
robot3-sidecar,23.287556750203144,2.3482111963134398,53.61248113292318,0.13847711360364823,0.0,0.0,0.7893684090019906,0.34353697797414523,0.2283246014174975,0.05457359735270664,0.3392999154209284,0.09351139550356173
robot4-sidecar,23.22181957100171,2.3429851016585457,53.579864140176184,0.16819542417096142,0.0,0.0,0.7842542659245979,0.3385212883595027,0.22773997498376994,0.05930295002444457,0.338987024009321,0.10116289941475026
secaas,8.25288844276906,0.8188943461715789,50.88838965297947,0.2459614931877243,0.0,0.0,0.8064764792788812,0.355407644916206,0.22037963078985828,0.040663629295364184,0.3009491368765363,0.05402699994059466
