container,cpu_percent_mean,cpu_percent_std,mem_mb_mean,mem_mb_std,blk_read_mb_mean,blk_read_mb_std,blk_write_mb_mean,blk_write_mb_std,net_rx_mb_mean,net_rx_mb_std,net_tx_mb_mean,net_tx_mb_std
robot1-sidecar,23.06149947735012,0.18706464826894328,53.71978995030711,0.030332840384227653,0.0,0.0,1.054786701407108,0.36474643601950296,0.3046303490848483,0.007648702262808947,0.446552675631278,0.01045309580277194
robot2-sidecar,23.146677045177043,0.13415993730968748,53.71952735042735,0.05147864208698427,0.0,0.0,1.0376241147741148,0.35484441206117456,0.3183201098901099,0.007108936655841437,0.46887431013431013,0.009211096197012339
robot3-sidecar,23.009096138841404,0.15579371055678032,53.74724490686479,0.039969341097588436,0.0,0.0,1.040228774800156,0.34415754472024407,0.31619859295038427,0.005689680362283213,0.46526161152653334,0.010393646003346189
robot4-sidecar,22.971652287127426,0.2748239442673494,53.76141219781605,0.029503936284377735,0.0,0.0,1.0536639576926057,0.3557526169894935,0.3246623551676295,0.00707316075658903,0.4766987154597685,0.009904966146296735
secaas,8.389461763535264,0.172156054037704,51.06014490362617,0.02277795007509848,0.0,0.0,1.1605172061617475,0.35211393132427793,0.33521177696102655,0.002177561872719979,0.4573453707453633,0.0034270281895128316
