n_robots,mode,variant,ssp_ms,iterq,cpu_limit,container,cpu_percent_mean,cpu_percent_std,mem_mb_mean,mem_mb_std,blk_read_mb_mean,blk_read_mb_std,blk_write_mb_mean,blk_write_mb_std,net_rx_mb_mean,net_rx_mb_std,net_tx_mb_mean,net_tx_mb_std
4,continuous,rr,,,,robot1-sidecar,1.797747367719579,0.03527334692385191,79.10654025056644,1.03938018189928,0.0,0.0,0.5473,0.1715297512257146,0.9487,0.017938475099319066,0.5585,0.03312350625562864
4,continuous,rr,,,,robot2-sidecar,1.7876982446690746,0.015533634157259751,78.17303719118414,2.6633117558278196,0.0,0.0,0.5468999999999999,0.1716077245088667,0.9460000000000001,0.018607047649270507,0.5557,0.033273446202974184
4,continuous,rr,,,,robot3-sidecar,1.7944261628681861,0.02435160640497157,78.15361915233906,2.542446044290024,0.0,0.0,0.5477000000000001,0.1723427141225039,0.9487,0.02089683654953022,0.5584,0.03599444401570881
4,continuous,rr,,,,robot4-sidecar,1.8003054111688659,0.017526200340587706,79.50950359856057,2.5221847207335366,0.0,0.0,0.5471999999999999,0.17184282224042863,0.9448000000000001,0.01867737787925372,0.5543000000000001,0.0341599180326886
4,continuous,rr,,,,secaas,5.933731707317073,0.11869204944448555,63.40639024390244,0.22389342903623066,0.0,0.0,2.2273,0.002406010991015762,0.5244,0.0009660917830792644,0.6909000000000001,0.00099442892601179
