N,runs,tx_per_block_mean,tx_per_block_std,total_tx_mean,total_tx_std,gas_used_pct_mean,gas_used_pct_std,avg_gas_per_tx_mean,avg_gas_per_tx_std,block_time_s_mean,block_time_s_std,block_time_std_mean,block_time_std_std,total_bytes_mean,total_bytes_std,bytes_per_s_mean,bytes_per_s_std
4,5,1.1539170506912444,0.01009626834110913,72.0,0.0,0.8029841781874041,0.007364520127635124,112974.16666666667,106.21322893124001,2.0,0.0,0.0,0.0,64965.2,453.08354637969364,529.0400317292437,1.1101149960877383
8,5,2.307834101382489,0.02019253668221826,144.0,0.0,1.7001450076804918,0.015188307353055265,119591.75,53.106614465620005,2.0,0.0,0.0,0.0,77480.6,436.0662793658781,630.9645690111053,2.175447866616952
16,5,4.542857142857143,0.03912303982179744,288.0,0.0,3.7179078869047624,0.03232265895357623,132862.625,26.553307232810003,2.0,0.0,0.0,0.0,103432.4,528.6816622505456,828.8072708653353,3.2753657830854506
32,5,9.057142857142857,0.07824607964359488,576.0,0.0,8.894134027777778,0.0765111400476193,159422.22916666666,13.276653616405001,2.0,0.0,0.0,0.0,153826.4,465.3679189630501,1228.6964413722478,7.412526985004362
64,5,17.54042658730159,1.1256284484739711,890.8,501.2122304972216,23.304576078869044,0.8911134991321785,172786.36266821923,96732.6771403937,2.0,0.0,0.0,0.0,198177.0,111194.78376030056,1982.2180299539173,98.58657485277588
