N,runs,tx_per_block_mean,tx_per_block_std,total_tx_mean,total_tx_std,gas_used_pct_mean,gas_used_pct_std,avg_gas_per_tx_mean,avg_gas_per_tx_std,block_time_s_mean,block_time_s_std,block_time_std_mean,block_time_std_std,total_bytes_mean,total_bytes_std,bytes_per_s_mean,bytes_per_s_std
4,5,1.1428571428571428,0.0,72.0,0.0,0.7952857142857143,0.0007453559924999223,112974.16666666667,106.21322893124001,2.0,0.0,0.0,0.0,65464.4,50.72277594927154,527.9387096774193,0.40905464475219794
8,5,2.3004608294930877,0.02019253668221826,144.0,0.0,1.6947185867895544,0.014584234993144929,119591.75,53.106614465620005,2.0,0.0,0.0,0.0,77637.0,452.09622869473264,630.1845848757271,2.070065370216676
16,5,4.571428571428571,0.0,288.0,0.0,3.7412888888888887,0.0007347509146134962,132862.625,26.553307232810003,2.0,0.0,0.0,0.0,103081.8,128.64758062241202,831.3048387096775,1.0374804888904252
32,5,9.114285714285714,0.06388765649999377,576.0,0.0,8.950246527777775,0.06199653788216397,159422.22916666666,13.276653616405001,2.0,0.0,0.0,0.0,153492.6,217.77809807232686,1233.9041474654377,7.103959206577337
64,5,17.382068452380953,1.128981266735455,883.2,498.1708542257365,23.16934995039683,0.7674045333875845,173405.12441211753,97151.1642554089,2.0,0.0,0.0,0.0,196865.4,110662.79260347625,1968.3251088069637,97.87932257025643
