participant,mean_of_means_s,std_of_means_s,median_s,p25_s,p75_s,min_s,max_s,max_s_run,max_s_index,n_runs,total_attestations
Robot1,5.8021666666666665,0.47849945576423264,5.655,4.82725,6.19775,4.225,11.176,9,0,9,54
Robot2,5.677981481481482,0.4151025261945374,5.413500000000001,4.70575,5.99375,4.245,10.654,10,0,9,54
Robot3,5.752055555555556,0.5639956658619909,5.4985,4.63825,6.1295,4.279,10.988,8,0,9,54
Robot4,5.598388888888889,0.4456075830319267,5.4505,4.6685,6.013249999999999,4.257,10.504,6,0,9,54
